{
  "loss": [
    0.11648155748844147,
    0.0443543866276741,
    0.03384822979569435,
    0.028938142582774162,
    0.02650291658937931,
    0.024348251521587372,
    0.022657254710793495,
    0.021656004711985588,
    0.021093206480145454,
    0.020755091682076454,
    0.02036193571984768,
    0.019736770540475845,
    0.01962144300341606,
    0.019454162567853928,
    0.019360681995749474,
    0.019193170592188835,
    0.01892675645649433,
    0.018840670585632324,
    0.018653525039553642,
    0.018634231761097908,
    0.018630338832736015,
    0.01839957758784294,
    0.018533973023295403,
    0.018418017774820328,
    0.01834341324865818,
    0.01829351857304573,
    0.018116017803549767,
    0.01810353808104992,
    0.018128929659724236,
    0.01799803413450718,
    0.017975524067878723,
    0.017898982390761375,
    0.01814989373087883,
    0.017904840409755707,
    0.017975887283682823,
    0.018085865303874016,
    0.017577391117811203,
    0.017647676169872284,
    0.017476890236139297,
    0.017468038946390152,
    0.017634063959121704,
    0.01761116459965706,
    0.01758618652820587,
    0.017646465450525284,
    0.017435582354664803,
    0.017410965636372566,
    0.017207380384206772,
    0.017314357683062553,
    0.017345145344734192,
    0.017243431881070137,
    0.01732269488275051,
    0.01719258353114128,
    0.017296556383371353,
    0.01716957613825798,
    0.01706424169242382,
    0.017237721011042595,
    0.016888946294784546,
    0.01718565635383129,
    0.017032256349921227,
    0.017012566328048706,
    0.01710963249206543,
    0.017055781558156013,
    0.017145879566669464,
    0.017067473381757736,
    0.017107537016272545,
    0.016949167475104332,
    0.01716933585703373,
    0.016935210675001144,
    0.016960149630904198,
    0.016980005428195,
    0.016864784061908722,
    0.017084140330553055,
    0.016955357044935226,
    0.017031028866767883,
    0.016842229291796684,
    0.016986727714538574,
    0.01691412553191185,
    0.01703137531876564,
    0.01688959077000618,
    0.016870291903614998,
    0.01691429875791073,
    0.016791483387351036
  ],
  "val_loss": [
    0.01969858631491661,
    0.019886817783117294,
    0.017216013744473457,
    0.015540008433163166,
    0.01509630586951971,
    0.013983730226755142,
    0.015199730172753334,
    0.013910830952227116,
    0.014190287329256535,
    0.014780406840145588,
    0.014197392389178276,
    0.013785372488200665,
    0.014425314962863922,
    0.014174461364746094,
    0.014480856247246265,
    0.013693839311599731,
    0.014535410329699516,
    0.01411451119929552,
    0.013664648868143559,
    0.014127416536211967,
    0.013359654694795609,
    0.013756487518548965,
    0.013431069441139698,
    0.013293146155774593,
    0.01307049673050642,
    0.013441999442875385,
    0.013669640757143497,
    0.013964487239718437,
    0.01286663394421339,
    0.013518770225346088,
    0.01325841061770916,
    0.013341972604393959,
    0.013201810419559479,
    0.012777629308402538,
    0.013176647946238518,
    0.013126039877533913,
    0.012602047063410282,
    0.012788334861397743,
    0.012560850009322166,
    0.012975268997251987,
    0.012825435027480125,
    0.01274596992880106,
    0.012750089168548584,
    0.01285480335354805,
    0.012738828547298908,
    0.012438652105629444,
    0.012577526271343231,
    0.012841016985476017,
    0.012647442519664764,
    0.012602901086211205,
    0.012533053755760193,
    0.012477356940507889,
    0.012400578707456589,
    0.01243033166974783,
    0.012563374824821949,
    0.01249645370990038,
    0.012444696389138699,
    0.012393244542181492,
    0.01256124209612608,
    0.012384491972625256,
    0.012432917952537537,
    0.012419008649885654,
    0.012407266534864902,
    0.012491585686802864,
    0.012436207383871078,
    0.012478583492338657,
    0.01235457044094801,
    0.012408346869051456,
    0.012418602593243122,
    0.012431320734322071,
    0.012479102239012718,
    0.012421167455613613,
    0.012451850809156895,
    0.012457343749701977,
    0.012399837374687195,
    0.012478032149374485,
    0.012447478249669075,
    0.012409796006977558,
    0.012411867268383503,
    0.01248431671410799,
    0.012440506368875504,
    0.01243012398481369
  ],
  "mae": [
    0.2651645243167877,
    0.16817209124565125,
    0.14703358709812164,
    0.1359649896621704,
    0.13023708760738373,
    0.1240902841091156,
    0.11977575719356537,
    0.11687037348747253,
    0.11523038148880005,
    0.11413230001926422,
    0.11277999728918076,
    0.1106032207608223,
    0.1102222204208374,
    0.10955369472503662,
    0.10930587351322174,
    0.10853023827075958,
    0.10769250243902206,
    0.10734553635120392,
    0.10676820576190948,
    0.10641315579414368,
    0.10634367167949677,
    0.10545145720243454,
    0.1057354062795639,
    0.10537305474281311,
    0.1050134152173996,
    0.10496778786182404,
    0.10396973788738251,
    0.1041945070028305,
    0.10414514690637589,
    0.1040487214922905,
    0.10343736410140991,
    0.1036006435751915,
    0.10426889359951019,
    0.10317675769329071,
    0.10350068658590317,
    0.10418049991130829,
    0.10248483717441559,
    0.10256879031658173,
    0.10217050462961197,
    0.10196522623300552,
    0.10228515416383743,
    0.10245908051729202,
    0.10234266519546509,
    0.10258085280656815,
    0.10174731910228729,
    0.10176576673984528,
    0.10098524391651154,
    0.10110100358724594,
    0.10127720981836319,
    0.10116803646087646,
    0.1013636440038681,
    0.10101096332073212,
    0.10119298100471497,
    0.10060326755046844,
    0.10052407532930374,
    0.1010604277253151,
    0.10008971393108368,
    0.10089001804590225,
    0.10031092166900635,
    0.10023336857557297,
    0.10049272328615189,
    0.10047390311956406,
    0.10079119354486465,
    0.10052750259637833,
    0.10069788992404938,
    0.10010799020528793,
    0.10070199519395828,
    0.0999218076467514,
    0.1003071591258049,
    0.10009819269180298,
    0.09966524690389633,
    0.10068786144256592,
    0.09988834708929062,
    0.10018839687108994,
    0.09989478439092636,
    0.10019787400960922,
    0.09979316592216492,
    0.1002320870757103,
    0.0999794527888298,
    0.0996948629617691,
    0.10008282959461212,
    0.09970200061798096
  ],